{
    "epoch": 11,
    "batchSize": 100,
    "learningRate": 0.0003,
    "mean": [
        105.78086809909951,
        115.63657227999816,
        124.00513350410482
    ],
    "std": [
        65.73054089813697,
        64.98027173498846,
        66.65436327676217
    ],
    "maxValidAcc": 93.34615384615385,
    "statistics": [
        "1, 0.001, 0.6578095168448413, 58.80288461538461, 62.96153846153845",
        "2, 0.001, 0.6141130735094729, 64.90384615384616, 69.21153846153845",
        "3, 0.001, 0.5466863117538971, 71.6730769230769, 74.7115384615385",
        "4, 0.001, 0.4213840173414122, 80.21634615384619, 83.94230769230772",
        "5, 0.001, 0.28395624415805704, 87.58173076923069, 89.51923076923076",
        "6, 0.001, 0.2205318807480999, 90.64423076923079, 89.55769230769232",
        "7, 0.001, 0.17255591608297358, 92.88942307692321, 90.90384615384613",
        "8, 0.001, 0.13628135763037091, 94.42788461538483, 90.30769230769234",
        "9, 0.001, 0.10644017054269518, 95.82692307692326, 90.36538461538461",
        "10, 0.001, 0.09281762255481084, 96.1682692307693, 92.42307692307692",
        "11, 0.0003, 0.03096601073048079, 98.89423076923049, 93.34615384615385"
    ]
}