{
    "epoch": 35,
    "batchSize": 100,
    "learningRate": 0.0001,
    "mean": [
        106.07880063376903,
        115.7497045011559,
        124.20853262615573
    ],
    "std": [
        65.56159795690435,
        64.8819821186068,
        66.56287365571959
    ],
    "trainLoss": 0.0005856734286840034,
    "trainAcc": 100.0,
    "validAcc": 93.94,
    "listOfTrainLoss": [
        66.17577661514284,
        60.44275104522705,
        51.82872491836547,
        35.85192805290222,
        25.206669464111336,
        17.998579301834102,
        14.42192160606384,
        10.920597980618481,
        8.400183521509176,
        6.755390889048576,
        4.852439343929294,
        4.552610346749425,
        3.5964601485431205,
        3.563611707594247,
        2.294280567783863,
        3.6620338224619626,
        3.8943313939124344,
        1.9163407898880551,
        1.504051644583815,
        1.9943337319046266,
        2.9604008465632794,
        1.8126465689809992,
        1.5522946122649595,
        1.9961644995305672,
        2.6495251309894963,
        0.4981321373803075,
        0.04453089674381768,
        0.02636426375669543,
        0.057884676808826065,
        0.08497966220624219,
        0.10915438953208656,
        0.005352391287124187,
        0.0014085064068513006,
        0.0009745135997491158,
        0.0005856734286840034
    ],
    "listOfTrainAcc": [
        57.86499999999996,
        65.49499999999999,
        73.52,
        83.49500000000005,
        88.99500000000002,
        92.37999999999992,
        94.02999999999997,
        95.61999999999993,
        96.67499999999984,
        97.30999999999995,
        98.24999999999997,
        98.30999999999995,
        98.64000000000004,
        98.65499999999999,
        99.05500000000002,
        98.62499999999999,
        98.53499999999991,
        99.32000000000002,
        99.40000000000002,
        99.30000000000001,
        98.99999999999999,
        99.37500000000003,
        99.41500000000003,
        99.31500000000001,
        99.02000000000001,
        99.84,
        99.99,
        99.995,
        99.995,
        99.99000000000001,
        99.995,
        100.0,
        100.0,
        100.0,
        100.0
    ],
    "listOfValidAcc": [
        63.22000000000002,
        71.24000000000001,
        80.46,
        87.16000000000004,
        90.09999999999997,
        89.71999999999996,
        91.63999999999999,
        91.52,
        90.93999999999997,
        92.26000000000002,
        92.61999999999995,
        92.75999999999999,
        92.8,
        92.42000000000002,
        92.70000000000007,
        93.17999999999999,
        91.64000000000006,
        93.62,
        93.4,
        92.38000000000008,
        93.11999999999999,
        93.52,
        92.72000000000001,
        93.40000000000002,
        93.12000000000002,
        94.10000000000005,
        94.10000000000002,
        93.94,
        94.10000000000004,
        93.63999999999999,
        93.88,
        93.94000000000003,
        93.94000000000003,
        93.96000000000001,
        93.94
    ]
}